Text,Scheduled Date,Scheduled Time,Profile
"I found 23 hours hidden in my week.

Not by working harder.
Not by sleeping less.
Not by ""hustling.""

By categorizing every task into 4 quadrants.

Here's the Value Matrix that changed everything:",,,X
"Most productivity advice is backwards.

They tell you to do MORE.
Work FASTER.
Sleep LESS.

But the real unlock?

Doing LESS of the wrong things.

The Value Matrix shows you exactly what to eliminate.",,,X
"Value Matrix stands for:

D - Delegate
R - Replace
I - Invest
P - Produce

Every task you do falls into one of these 4 quadrants.

Here's how it works:",,,X
"Two questions determine each task's quadrant:

1. Does this task drain or energize me?
2. Is this worth more or less than my hourly rate?

Plot every task on this matrix.

The results will shock you.",,,X
"D = DELEGATE

Low $ value + Drains energy

These tasks are killing your productivity:
- Email management
- Scheduling
- Data entry
- Basic admin

Action: Hire someone TODAY. Even a few hours/week changes everything.",,,X
"R = REPLACE

High $ value + Drains energy

These tasks make money but exhaust you:
- Sales calls (that you hate)
- Client onboarding
- Project management

Action: Document, train, hand off. Short-term pain, long-term freedom.",,,X
"I = INVEST

Low $ value + Gives energy

These tasks don't directly make money but:
- Fuel your creativity
- Maintain your health
- Build relationships
- Spark new ideas

Action: PROTECT this time. It's not optional.",,,X
"P = PRODUCE

High $ value + Gives energy

THIS is your genius zone:
- High-level strategy
- Major deals
- Content creation
- Key relationships

Action: Maximize time here. Everything else supports this.",,,X
"Here's the math that changed my life:

Before Value:
- 40% D zone (wasted)
- 20% R zone (draining)
- 15% I zone (okay)
- 25% P zone (productive)

After Value:
- 5% D zone
- 10% R zone
- 25% I zone
- 60% P zone

Same hours. 3x the results.",,,X
"Here's a quick win:

Track your time for 3 days.
Categorize each task: D, R, I, or P.

I guarantee 20%+ of your week is in D zone.

That's the first thing you delegate.",,,X
"The biggest DRIP mistake?

""I can't afford to hire help.""

Calculate your hourly rate.
Now calculate the cost of doing D tasks yourself.

You can't afford NOT to delegate.",,,X
"What happens when you master DRIP:

- More energy (you're doing work you love)
- More money (focused on high-$ tasks)
- More time (delegated the rest)
- More impact (operating in your genius zone)",,,X
"93% of people abandon their goals.

It's not motivation.
It's not discipline.
It's not willpower.

It's a math problem.

Here's the 300% Rule that makes goal achievement inevitable:",,,X
"Why do goals fail?

Not because they're too big.
Not because you're lazy.
Not because of circumstances.

Goals fail because one of three elements is broken.

Fix all three = guaranteed success.",,,X
"The 300% Rule:

CLARITY + BELIEF + CONSISTENCY = 300%

Each element is scored 0-100%.

When your total hits 300%, achievement becomes inevitable.

Let me break down each one:",,,X
"CLARITY (0-100%)

Ask yourself:
- Can I describe my goal in one sentence?
- Do I know EXACTLY what ""done"" looks like?
- Is there a specific deadline?
- Can I measure progress daily?

Most people score 40% here.

Vague goals = vague results.",,,X
"BELIEF (0-100%)

Ask yourself:
- Do I truly believe I can achieve this?
- Have I seen others accomplish similar goals?
- Do I have the skills (or can I learn them)?
- Does my inner voice say ""I will"" or ""I'll try""?

Low belief = self-sabotage.",,,X
"CONSISTENCY (0-100%)

Ask yourself:
- Am I taking action EVERY day?
- Is there dedicated time blocked for this?
- Do I have an accountability system?
- When I miss a day, do I recover quickly?

Sporadic action = sporadic results.",,,X
"Which element is YOUR bottleneck?

LOW CLARITY signs:
- ""I want to be successful""
- Constantly changing the goal

LOW BELIEF signs:
- ""I'll try""
- Making excuses before starting

LOW CONSISTENCY signs:
- ""I'll start Monday""
- Long gaps between actions",,,X
"How to boost CLARITY to 100%:

1. Write the goal using SMART framework
2. Define exactly what ""done"" looks like
3. Set a specific deadline (not ""someday"")
4. Break into weekly milestones
5. Identify the first 3 action steps

Clarity is the foundation. Start here.",,,X
"How to boost BELIEF to 100%:

1. Find 3 people who achieved similar goals
2. List your past achievements
3. Identify specific skill gaps and learn them
4. Get an accountability partner
5. Celebrate small wins along the way

Belief is trainable.",,,X
"How to boost CONSISTENCY to 100%:

1. Block specific time daily (non-negotiable)
2. Set a daily alarm/reminder
3. Track progress visibly (streak calendar)
4. Create consequences for missed days
5. Have a ""minimum viable action"" for bad days

Consistency compounds.",,,X
"I've tried every morning routine.

5 AM Club. Miracle Morning. Atomic Habits.

Most failed within 2 weeks.

Then I discovered the ONE principle that makes any routine stick.

Here's the morning system I've used for 847 days straight:",,,X
"Why most morning routines fail:

1. Too complicated (10+ steps)
2. Too long (2+ hours)
3. Too rigid (no flexibility)
4. Too aspirational (not aligned with reality)

The solution isn't another routine.

It's a SYSTEM for building one.",,,X
"The ONE principle:

""Earn the right to add complexity.""

Start with a 15-minute routine.
Master it for 30 days.
Then add ONE thing.
Repeat.

Most people do the opposite.
They start with 90 minutes day one.
And quit by day 7.",,,X
"The non-negotiable foundation (15 minutes):

1. Hydrate (2 min) - 16oz water immediately
2. Move (5 min) - Stretch, walk, anything
3. Focus (5 min) - Meditation or breathing
4. Plan (3 min) - Write 3 priorities

That's it. This is your MINIMUM.",,,X
"After 30 days, add ONE element (30 minutes total):

Options:
- Extended exercise (15 min)
- Reading (15 min)
- Journaling (15 min)
- Cold shower (5 min)

Pick what energizes YOU.
Not what some guru does.",,,X
"The biggest trap:

Copying someone else's routine.

Their routine fits:
- Their chronotype
- Their energy patterns
- Their life circumstances
- Their goals

Build YOUR routine.
For YOUR life.",,,X
"The secret weapon: Night-before prep.

Before bed:
- Lay out workout clothes
- Prep coffee/water
- Set out journal
- Charge devices in another room

Reduce friction to near zero.
Your morning self will thank you.",,,X
"What to do when you miss:

1. Don't spiral (""I ruined my streak"")
2. Do the MINIMUM (15-min foundation)
3. Reflect briefly (what happened?)
4. Reset tomorrow (fresh start)

Missing one day isn't failure.
Missing two is a pattern.",,,X
"""I don't have time.""

The biggest lie we tell ourselves.

I tracked every 15 minutes for 7 days.

Found 26 hours I didn't know existed.

Here's the exact time audit that exposed my hidden hours:",,,X
"The truth about time:

You have the same 168 hours as everyone else.

Elon Musk. Your competitor. That productive friend.

The difference isn't time.
It's awareness of where it goes.",,,X
"The 15-minute method:

For 7 days, log every 15-minute block:
- What you did
- Category (work, personal, admin, waste)
- Energy level (1-5)

Yes, it's tedious.
Yes, it's worth it.
One week changes everything.",,,X
"Categorize everything:

WORK - Revenue-generating activities
ADMIN - Necessary but not productive
PERSONAL - Health, relationships, growth
BUFFER - Transitions, breaks
WASTE - Scrolling, rabbit holes, procrastination

Be honest with yourself.",,,X
"Days 1-2 reality check:

You'll discover:
- Email takes 2x longer than you thought
- Meetings eat 30%+ of your week
- ""Quick"" social media = 1-2 hours daily
- Context switching is killing you

Don't change anything yet. Just observe.",,,X
"My time audit results:

BEFORE:
- High-value work: 18 hours
- Admin/emails: 22 hours
- Meetings: 15 hours
- Waste: 12 hours
- Personal: 8 hours

Painful to see in writing.",,,X
"What I changed:

1. Batched email to 2x/day (saved 8 hours)
2. Cut meetings by 50% (saved 7 hours)
3. Blocked social media during work (saved 6 hours)
4. Delegated admin tasks (saved 5 hours)

Total reclaimed: 26 hours/week",,,X
"The energy revelation:

My peak hours: 8-11 AM
What I was doing then: Emails and meetings

Complete waste of my best energy.

Now: Deep work 8-11 AM, no exceptions.
Emails and meetings after 2 PM.

Game changer.",,,X
"I achieved more in 12 months than the previous 5 years combined.

Not by working harder.
Not by setting bigger goals.

By setting FEWER goals.

Here's the 12 Power Goals system that changed everything:",,,X
"The goal-setting trap:

January 1st: ""This year I'll...""
- Get fit
- Make more money
- Learn Spanish
- Read 50 books
- Start a business

By February: Overwhelmed. Nothing done.

Sound familiar?",,,X
"The counterintuitive insight:

More goals = less achievement.

Your focus is finite.
Your energy is finite.
Your willpower is finite.

Spreading thin = accomplishing nothing.",,,X
"The Power Goals System:

12 goals. 12 months. 1 goal per month.

That's it.

One major project gets your FULL attention for 30 days.

Complete it. Move on.

By December: 12 significant achievements.",,,X
"Why this works:

1. Total focus (no context switching between goals)
2. Momentum (finish one, confidence for the next)
3. Realistic timeline (30 days per project)
4. Compound effect (each goal builds on the last)
5. Clear deadline (monthly accountability)",,,X
"Real Power Goal examples:

- January: Launch email newsletter (0 to 1,000 subscribers)
- February: Complete 30-day fitness challenge
- March: Hire and train first VA
- April: Create online course
- May: Plan family vacation
- June: Reach $10K MRR

One thing. Full focus. Done.",,,X
"The 4-week execution plan:

WEEK 1: Setup & planning
WEEK 2: Build momentum
WEEK 3: Push through obstacles
WEEK 4: Finish strong

Every Power Goal follows this rhythm.",,,X
"Daily MINs (Most Important Next Steps):

Each day, identify 3 actions that move this month's goal forward.

Not 10 tasks.
Not a massive to-do list.

Just 3 MINs.

Complete them before anything else.",,,X
"The difference between busy and productive:

Busy = working on what's in front of you
Productive = working on what moves the needle

You can be extremely busy and accomplish nothing.

Track your time for one day. You'll see.",,,X
"Your morning sets your day.

Win the first hour:
- No phone for 30 min
- Move your body
- Plan your top 3

Everything else is optional.",,,X
"The 300% Rule:

Clarity + Belief + Consistency = Success

Score each 0-100%.

Low total = goal fails.
High total = goal inevitable.

What's your weakest link?",,,X
"Unpopular opinion:

You don't need more motivation.
You need better systems.

Motivation fluctuates.
Systems run regardless.

Build systems. Stop waiting to feel like it.",,,X
"The Value Matrix in 4 sentences:

D - Delegate tasks that drain you + pay little
R - Replace tasks that drain you + pay well
I - Invest in tasks that energize you + pay little
P - Produce tasks that energize you + pay well

Maximize P. Eliminate D.",,,X
"Most people's to-do list:
- 27 random tasks
- No priority
- Zero chance of completion

High performers' list:
- 3 MINs (Most Important Next Steps)
- Clear priorities
- Done by noon

Less but better.",,,X
"Sunday reset routine:

1. Review last week (10 min)
2. Plan next week (15 min)
3. Set 3 weekly targets
4. Prep Monday's MINs
5. Rest with zero guilt

30 minutes of planning saves 5 hours of chaos.",,,X
"Time tracking truth:

Everyone thinks they work 50 hours.
Actual productive work: 15-20 hours.

The rest? Admin, meetings, ""research,"" social media.

Track your time. Face the truth. Fix it.",,,X
"Energy > Time

Stop optimizing your calendar.
Start optimizing your energy.

When are you sharpest?
That's when you do your most important work.

Everything else can wait.",,,X
"The 15-minute rule:

Any task can be started in 15 minutes.

Not finished. Started.

""I don't have 2 hours"" is an excuse.
""I have 15 minutes"" is always true.

Start. The rest follows.",,,X
"Meeting math:

1-hour meeting with 5 people = 5 hours of company time
That meeting could have been a 5-minute Loom

Protect your time. Protect your team's time.",,,X
"Context switching costs you 23 minutes.

Every. Single. Time.

10 interruptions = 230 minutes lost.

Batch similar tasks.
Block deep work time.
Turn off notifications.

Your focus is worth more than your availability.",,,X
"The delegation test:

If someone else can do it 80% as well as you...
Delegate it.

You don't need 100% perfection.
You need 100% of your time on high-value work.",,,X
"Weekly review questions:

1. What worked?
2. What didn't?
3. What will I do differently?

5 minutes. Every Sunday.

Reflection without action is useless.
Action without reflection is blind.",,,X
"Why most goals fail:

Not because they're too big.
Because the daily actions are unclear.

""Get fit"" = fails.
""Walk 30 min before work"" = succeeds.

Make it specific. Make it schedulable.",,,X
"The 1% rule:

Improve 1% daily = 37x better in a year.
Decline 1% daily = nearly zero in a year.

Small daily actions compound.
Skipped days compound too.

What's your 1% today?",,,X
"Goal structure that works:

OUTCOME: What does done look like?
TIMELINE: When is the deadline?
MILESTONES: What are the checkpoints?
DAILY: What do I do today?

Vague goals stay dreams.
Structured goals become reality.",,,X
"Belief is trainable.

Don't believe you can do it?
Find 3 people who've done similar.
Study them.
Model them.

Belief follows evidence.
Go create some evidence.",,,X
"The accountability paradox:

We're 65% likely to complete a goal if we commit to someone.
We're 95% likely if we have a specific accountability appointment.

Tell someone. Schedule check-ins.

Private goals die quietly.",,,X
"Quit pursuing balance.

Balance implies everything gets equal time.
That's not how achievement works.

Priorities shift. Seasons change.
What matters is alignment with YOUR values.

Not society's idea of balanced.",,,X
"The Sunday advantage:

While others rest completely...
Spend 30 minutes planning your week.

You'll start Monday with clarity.
They'll start Monday reacting.

Small edge. Massive advantage over time.",,,X
"Habits > Goals

Goals are what you want.
Habits are how you get there.

""I want to read more"" (goal)
""I read for 15 min every morning"" (habit)

Focus on the system. Results follow.",,,X
"The habit stack:

Existing habit + New habit = Success

""After I pour my coffee, I'll write for 5 minutes.""
""After I sit at my desk, I'll plan my MINs.""

Piggyback on what already works.",,,X
"Review cadence:

Daily: Did I hit my MINs?
Weekly: Am I on track for weekly targets?
Monthly: Is the Power Goal progressing?
Quarterly: Does the vision still fit?

Different zoom levels. Different insights.",,,X
"The evening shutdown:

1. Review what you accomplished
2. Set tomorrow's 3 MINs
3. Clear your desk
4. Say ""shutdown complete""

Your brain needs closure.
Give it permission to rest.",,,X
"Productivity isn't about doing more.

It's about doing the RIGHT things.

You can be incredibly efficient at tasks that don't matter.

First: Is this worth doing at all?
Then: How do I do it efficiently?",,,X
"The two-minute rule:

If it takes less than 2 minutes, do it now.

Waiting costs more than doing.

Small tasks pile up.
Tiny completions clear the deck.",,,X
"Protect your mornings.

No meetings before 10 AM.
No email until MINs are done.
No social media until you've created.

Mornings are for output.
Afternoons for input.",,,X
"Motivation is overrated.

Discipline shows up when motivation doesn't.

Build the habit.
Follow the system.
Do it whether you feel like it or not.

Feelings follow action. Not the other way around.",,,X
"Done is better than perfect.

That project you've been tweaking?
Ship it.

That email you've rewritten 5 times?
Send it.

Perfection is procrastination in disguise.

Progress > Perfection.",,,X
"What's your biggest productivity killer?

Reply with:
A) Meetings
B) Email
C) Social media
D) Lack of clarity",,,X
"When's your peak productivity time?

A) Early morning (5-8 AM)
B) Mid-morning (8-11 AM)
C) Afternoon (12-4 PM)
D) Evening (4-8 PM)
E) Night owl (8 PM+)",,,X
"What's the ONE habit that changed your productivity most?

Reply below. Let's learn from each other.",,,X
"What goal have you been putting off?

Reply with it.
Sometimes typing it out is the first step.",,,X
"What would you do with an extra 10 hours per week?

(That's what most people find when they audit their time.)",,,X
"Built Goal Achiever Pro because I needed it.

Tracks time in 15-min blocks.
Shows your DRIP breakdown.
Plans your Power Goals.
Runs your daily reviews.

If you're serious about productivity, check it out.

Link in bio.",,,X
"Free resource:

Just released a 7-Day Time Audit Template.

Track where your hours actually go.
Find the hidden time you didn't know existed.

Grab it free. Link in bio.",,,X
"The Value Matrix Worksheet is live.

- Calculate your hourly rate
- Categorize every task
- Find what to delegate first
- Plan your first hire

Free download. Link in bio.",,,X
