Text,Scheduled Date,Scheduled Time,Media
"Stop setting goals. Start setting SMART Visions. Swipe to learn the framework that separates wishful thinking from actual achievement. Save this for your next planning session. #goalsetting #smartgoals #visionboard #entrepreneurlife #productivitytips",2025-02-03,07:30,instagram-carousels/week1/exports/day1-smart-vision-slide1.png
"Why do some goals fail while others succeed? Clarity + Belief + Consistency = 300%. Swipe to find your weak link. Which one is YOUR bottleneck? 1-Clarity 2-Belief 3-Consistency #goalsetting #mindsetshift #successhabits #believeinyourself #consistencyiskey",2025-02-04,07:30,instagram-carousels/week1/exports/day2-300-rule-slide1.png
"How many goals do you have right now? If the answer is more than 12, that's why you're not hitting them. Swipe for the Power Goals system. 3 goals per quarter. 12 goals per year. Zero excuses. #powergoals #goalsetting #focusmode #productivitytips",2025-02-05,07:30,instagram-carousels/week1/exports/day3-power-goals-slide1.png
"You're busy. But are you busy on the RIGHT things? The DRIP Matrix shows you exactly where your time should go. D-Delegation R-Replacement I-Investment P-Production. Swipe to see where high performers spend their hours. #dripmatrix #timemanagement #productivitytips",2025-02-06,07:30,instagram-carousels/week1/exports/day4-drip-matrix-slide1.png
"Let's go deeper on the DRIP Matrix. Each quadrant has specific task types. Once you know them, you can't unsee where your time is being wasted. Screenshot the quadrant you need to focus on. #dripmatrix #delegation #timemanagement #businesssystems",2025-02-07,07:30,instagram-carousels/week1/exports/day5-drip-deep-dive-slide1.png
"Week 1 complete. SMART Visions, 300% Rule, 12 Power Goals, DRIP Matrix. Swipe for the quick recap. Ready for Week 2? We're diving into time and energy tracking. #weeklyrecap #goalsetting #productivitysystem #entrepreneurjourney",2025-02-09,07:30,instagram-carousels/week1/exports/day7-weekly-recap-slide1.png
"'I don't have time.' You do. You're just leaking it. Swipe for the 15-minute tracking system that finds 10+ hours you didn't know you had. Try it for ONE day and drop what you learned below. #timetracking #timemanagement #productivitytips #timeaudit",2025-02-10,07:30,instagram-carousels/week2/exports/day8-time-tracking-slide1.png
"Hot take: Time management is overrated. Energy management is the real game. 4 hours at low energy = less output than 1 hour at peak energy. Swipe to track your energy and schedule around it. #energymanagement #productivitytips #peakperformance #worksmarter",2025-02-11,07:30,instagram-carousels/week2/exports/day9-energy-tracking-slide1.png
"3 things. That's your entire to-do list for tomorrow. MINs = Most Important Next Steps. Not everything that needs doing. The 3 things that make today a WIN. Swipe for how to choose them. #dailymins #todolists #productivitytips #prioritization",2025-02-12,07:30,instagram-carousels/week2/exports/day10-mins-slide1.png
"Building in public: I took everything from Dan Martell's Buy Back Your Time and built it into one app. Swipe to see Goal Achiever Pro. Not another productivity app. THE productivity system, digitized. #buildinpublic #productivityapp #startupjourney #goalachieverpro",2025-02-13,07:30,instagram-carousels/week2/exports/day11-app-reveal-slide1.png
"Let's break down the 300% Rule. Each component has levels. Rate yourself honestly on each. Your lowest score = your biggest opportunity. #300rule #goalsetting #selfassessment #personaldevelopment #mindsetwork",2025-02-14,07:30,instagram-carousels/week2/exports/day12-300-deep-dive-slide1.png
"Week 2 done. Time Tracking, Energy Tracking, Daily MINs, App Reveal, 300% Deep Dive. Week 3: Routines and Systems - the daily engine that makes everything work. #weeklyrecap #timemanagement #energymanagement #productivitysystem",2025-02-16,07:30,instagram-carousels/week2/exports/day14-weekly-recap-slide1.png
"The first 2 hours determine the next 14. This is my morning routine, refined over 3 years. Swipe to see the exact timeline. No phone until after deep work. What time do you wake up? #morningroutine #morningmotivation #productivitytips #deepwork",2025-02-17,07:30,instagram-carousels/week3/exports/day15-morning-routine-slide1.png
"The most productive thing I do happens at 5:30pm. It's a shutdown ritual. 15 minutes that let me actually relax without work anxiety. Swipe for the 5-step sequence. The last step sounds weird. It works. #shutdownritual #eveningroutine #worklifebalance",2025-02-18,07:30,instagram-carousels/week3/exports/day16-shutdown-ritual-slide1.png
"Most people review once. At 11pm. When it's too late. I review 3 times per day. 20 minutes total. Zero wasted days. The midday review is the game changer. At noon you can still fix today. #dailyreview #productivitysystem #timemanagement",2025-02-19,07:30,instagram-carousels/week3/exports/day17-daily-reviews-slide1.png
"Pomodoro is good. This version is better. Swipe for the enhanced technique that turns focus sessions into data. Track intentions. Track energy. Track interruptions. After a month you'll know exactly when and how you work best. #pomodoro #deepwork #focustime",2025-02-20,07:30,instagram-carousels/week3/exports/day18-pomodoro-slide1.png
"Sunday night is the most important hour of the week. 30 minutes of planning = 5 days of clarity. Start Monday proactive. YOU dictate the week. What time do you plan your week? #sundayplanning #weeklyplanning #productivitytips #planningahead",2025-02-23,07:30,instagram-carousels/week3/exports/day21-sunday-planning-slide1.png
"Stop asking 'How do I do this?' Start asking 'How do I LEVERAGE this?' The 4 C's: Code, Content, Capital, Collaboration. Every task you do, one of these could multiply it. #leverage #scalingbusiness #entrepreneurlife #worksmarter #businessgrowth",2025-02-24,07:30,instagram-carousels/week4/exports/day22-4cs-leverage-slide1.png
"'I can't afford to delegate.' You can't afford NOT to. Swipe for the math that changes everything. Delegation isn't an expense. It's an investment with calculable ROI. #delegation #entrepreneurmath #hiringtips #businessgrowth #leverageyourtime",2025-02-25,07:30,instagram-carousels/week4/exports/day23-delegation-slide1.png
"You're the average of the 5 people you spend the most time with. Time for an audit. Elevators push you up. Neutrals keep you steady. Drainers pull you down. Count yours. What's your ratio? #friendinventory #surroundyourselfwithgreatness #levelup",2025-02-26,07:30,instagram-carousels/week4/exports/day24-friend-inventory-slide1.png
"Here's the complete system. Vision feeds Goals. Goals feed MINs. MINs feed Time Blocks. Reviews keep it on track. Leverage multiplies it all. One system. Zero gaps. #productivitysystem #completesystem #goalachieverpro #entrepreneurlife",2025-02-27,07:30,instagram-carousels/week4/exports/day25-full-system-slide1.png
"Knowledge without action = entertainment. We covered everything this month. But none of it matters if you don't implement. Pick ONE thing. Implement it THIS WEEK. Drop which one you're starting with below. #takeaction #implementnow #30daychallenge",2025-03-04,07:30,instagram-carousels/week4/exports/day30-take-action-slide1.png
